exp_id,backbone,seed,init,aug,loss,epochs,best_epoch,macro_f1_val,top1_val,sec_per_epoch,params_m,pretrained_cfg,total_sec
B01,resnet50,0,finetune,basic,ce,10,9,0.8035224049088687,0.8566123964581548,59.47143290042877,23.526473,a1_in1k,597.4333710670471
B02,convnext_tiny,0,finetune,basic,ce,10,8,0.9663470597886156,0.974578691802342,67.55471231937409,27.827049,in12k_ft_in1k,677.3718328475952
B03,resnext50_32x4d,0,finetune,basic,ce,10,8,0.7802890900189731,0.8346186803770351,73.88083674907685,22.998345,a1h_in1k,740.4375891685486
B04,deit_small_patch16_224,0,finetune,basic,ce,10,10,0.9491577530455836,0.9637246500999714,51.98639302253723,21.669129,fb_in1k,521.7054512500763
B05,efficientnet_b0,0,finetune,basic,ce,10,7,0.7933845660032067,0.8449014567266495,57.90943870544434,4.019077,ra_in1k,579.77277302742
T01,deit_small_patch16_224,0,finetune,color,ce,10,9,0.943621780177884,0.9591545272779206,102.16086030006409,21.669129,fb_in1k,1023.3801057338716
T02,deit_small_patch16_224,0,finetune,basic,ls,10,7,0.948256734389532,0.9631533847472152,51.65486359596253,21.669129,fb_in1k,518.3529005050659
T03,deit_small_patch16_224,0,scratch,basic,ce,10,10,0.6497212387509013,0.7377892030848329,52.34035778045654,21.669129,fb_in1k,525.756810426712
F01,deit_small_patch16_224,1,finetune,basic,ce,10,9,0.949905402163302,0.9642959154527276,52.11875650882721,21.669129,fb_in1k,523.0044236183167
F01,deit_small_patch16_224,2,finetune,basic,ce,10,9,0.9509881395038438,0.964581548129106,53.0407297372818,21.669129,fb_in1k,532.3128745555878
T00,deit_small_patch16_224,0,finetune,basic,ce,10,10,0.9491577530455836,0.9637246500999714,51.98639302253723,21.669129,fb_in1k,521.7054512500763
T00,deit_small_patch16_224,1,finetune,basic,ce,10,9,0.954133112598362,0.9665809768637532,55.814760732650754,21.669129,fb_in1k,560.2017939090729
T00,deit_small_patch16_224,2,finetune,basic,ce,10,10,0.9489640131128853,0.9634390174235932,55.17634763717651,21.669129,fb_in1k,553.8421547412872
B02R,convnext_tiny,0,finetune,basic,ce,10,8,0.9663470597886156,0.974578691802342,67.51552922725678,27.827049,in12k_ft_in1k,677.4846839904785
T04,deit_small_patch16_224,0,finetune,randaug+ls,ls_0.1,10,9,0.952514,0.965821,56.412,21.669129,fb_in1k,564.12
